id_trc,rue_nom,rue_de,rue_a,id_trc_pair,rule_pair_1,rule_pair_2,id_trc_impair,rule_impair_1,rule_impair_2
1601212,Albert-Denault,Wellington,Cul-de-sac,16012122,MTLVER-ARR,,16012121,MTLVER-NP,
1601547,Allard,Bannantyne,Monteith,16015472,MTLVER-01,MTLVER-32,16015471,MTLVER-02,MTLVER-33
1601545,Allard,Lasalle,Bannantyne,16015452,MTLVER-01,MTLVER-32,16015451,MTLVER-02,MTLVER-33
1601601,Allard,Monteith,Beurling,16016012,MTLVER-01,MTLVER-32,16016011,MTLVER-02,MTLVER-33
1601274,Allen,Lasalle,Hickson,16012742,MTLVER-03,,16012741,MTLVER-28,
1601613,Argyle,Bannantyne,Champlain,16016132,MTLVER-04,MTLVER-33,16016131,MTLVER-06,MTLVER-32
1601477,Argyle,Lasalle,Wellington,16014772,MTLVER-BUS,,16014771,MTLVER-06,MTLVER-32
1601455,Argyle,Verdun,Bannantyne,16014552,MTLVER-04,MTLVER-33,16014551,MTLVER-06,MTLVER-32
1601457,Argyle,Wellington,Verdun,16014572,MTLVER-04,MTLVER-33,16014571,MTLVER-06,MTLVER-32
1601555,Bannantyne,Allard,Valiquette,16015552,MTLVER-05,MTLVER-34,16015551,MTLVER-25,MTLVER-43
1601488,Bannantyne,Argyle,Woodland,16014882,MTLVER-05,MTLVER-34,16014881,MTLVER-25,MTLVER-43
1601504,Bannantyne,Beatty,Moffat,16015042,MTLVER-05,MTLVER-34,16015041,MTLVER-25,MTLVER-43
1601511,Bannantyne,Brown-Brault,Godin,16015112,MTLVER-05,MTLVER-34,16015111,MTLVER-25,MTLVER-43
1601509,Bannantyne,Brown-Richard,Brown-Brault,16015092,MTLVER-05,MTLVER-34,16015091,MTLVER-25,MTLVER-43
1601415,Bannantyne,Cinquième Ave,Sixième Ave (est),16014152,MTLVER-05,MTLVER-34,16014151,MTLVER-25,MTLVER-43
1601438,Bannantyne,Desmarchais (est),Desmarchais (ouest),16014382,MTLVER-05,MTLVER-34,16014381,MTLVER-25,MTLVER-43
1601452,Bannantyne,Desmarchais (ouest),Melrose,16014522,MTLVER-05,MTLVER-34,16014521,MTLVER-25,MTLVER-43
1601389,Bannantyne,Deuxième,Troisième,16013892,MTLVER-05,MTLVER-34,16013891,MTLVER-25,MTLVER-43
1601346,Bannantyne,Dupuis,Hickson,16013462,MTLVER-05,MTLVER-34,16013461,MTLVER-25,MTLVER-43
1601492,Bannantyne,Egan,Osborne,16014922,MTLVER-05,MTLVER-34,16014921,MTLVER-25,MTLVER-43
4007720,Bannantyne,Église,Galt,40077202,MTLVER-05,MTLVER-34,40077201,MTLVER-25,MTLVER-43
1601362,Bannantyne,Galt,Gordon,16013622,MTLVER-05,MTLVER-34,16013621,MTLVER-25,MTLVER-43
1601512,Bannantyne,Godin,Riverview,16015122,MTLVER-05,MTLVER-34,16015121,MTLVER-25,MTLVER-43
1601365,Bannantyne,Gordon,Rielle,16013652,MTLVER-05,MTLVER-34,16013651,MTLVER-25,MTLVER-43
1601355,Bannantyne,Hickson,Église,16013552,MTLVER-05,MTLVER-34,16013551,MTLVER-25,MTLVER-43
1601507,Bannantyne,Manning,Brown-Richard,16015072,MTLVER-05,MTLVER-34,16015071,MTLVER-25,MTLVER-43
1601454,Bannantyne,Melrose,Argyle,16014542,MTLVER-05,MTLVER-34,16014541,MTLVER-25,MTLVER-43
1601506,Bannantyne,Moffat,Manning,16015062,MTLVER-05,MTLVER-34,16015061,MTLVER-25,MTLVER-43
1601498,Bannantyne,Osborne,Beatty,16014982,MTLVER-05,MTLVER-34,16014981,MTLVER-25,MTLVER-43
1601390,Bannantyne,Première,Deuxième,16013902,MTLVER-05,MTLVER-34,16013901,MTLVER-25,MTLVER-43
1601414,Bannantyne,Quatrième Ave,Cinquième Ave,16014142,MTLVER-05,MTLVER-34,16014141,MTLVER-25,MTLVER-43
1601392,Bannantyne,Rielle,Willibrord,16013922,MTLVER-05,MTLVER-34,16013921,MTLVER-25,MTLVER-43
1601546,Bannantyne,Riverview,Allard,16015462,MTLVER-05,MTLVER-34,16015461,MTLVER-25,MTLVER-43
1601557,Bannantyne,Rolland,Stephens,16015572,MTLVER-05,MTLVER-34,16015571,MTLVER-25,MTLVER-43
1601416,Bannantyne,Sixième Ave (est),Sixième Ave (ouest),16014162,MTLVER-05,MTLVER-34,16014161,MTLVER-25,MTLVER-43
1601417,Bannantyne,Sixième Ave (ouest),Desmarchais (est),16014172,MTLVER-05,MTLVER-34,16014171,MTLVER-25,MTLVER-43
1601558,Bannantyne,Stephens,Lasalle,16015582,MTLVER-BUS,,16015581,MTLVER-25,MTLVER-43
1601388,Bannantyne,Troisième,Quatrième,16013882,MTLVER-05,MTLVER-34,16013881,MTLVER-25,MTLVER-43
1601556,Bannantyne,Valiquette,Rolland,16015562,MTLVER-05,MTLVER-34,16015561,MTLVER-25,MTLVER-43
1601391,Bannantyne,Willibrord,Première,16013912,MTLVER-05,MTLVER-34,16013911,MTLVER-25,MTLVER-43
1601491,Bannantyne,Woodland,Egan,16014912,MTLVER-05,MTLVER-34,16014911,MTLVER-25,MTLVER-43
1601611,Beatty,Bannantyne,Beurling,16016112,MTLVER-02,MTLVER-35,16016111,MTLVER-01,MTLVER-37
1601581,Beatty,Beurling,Champlain,16015812,MTLVER-02,MTLVER-35,16015811,MTLVER-01,MTLVER-37
1601502,Beatty,Lasalle,Verdun,16015022,MTLVER-02,MTLVER-35,16015021,MTLVER-01,MTLVER-37
1601499,Beatty,Verdun,Bannantyne,16014992,MTLVER-02,MTLVER-35,16014991,MTLVER-01,MTLVER-37
1601602,Beurling,Allard,Valiquette,16016022,MTLVER-06,MTLVER-36,16016021,MTLVER-04,MTLVER-39
1601595,Beurling,Beatty,Moffat,16015952,MTLVER-06,MTLVER-36,16015951,MTLVER-04,MTLVER-39
1601592,Beurling,Brown,Godin,16015922,MTLVER-06,MTLVER-36,16015921,MTLVER-04,MTLVER-39
1601562,Beurling,Champlain,Osborne,16015622,MTLVER-06,MTLVER-36,16015621,MTLVER-04,MTLVER-39
1601600,Beurling,Godin,Allard,16016002,MTLVER-06,MTLVER-36,16016001,MTLVER-04,MTLVER-39
1601593,Beurling,Manning,Brown,16015932,MTLVER-06,MTLVER-36,16015931,MTLVER-04,MTLVER-39
1601594,Beurling,Moffat,Manning,16015942,MTLVER-06,MTLVER-36,16015941,MTLVER-04,MTLVER-39
1601596,Beurling,Osborne,Beatty,16015962,MTLVER-06,MTLVER-36,16015961,MTLVER-04,MTLVER-39
1601606,Beurling,Rolland,Stephens,16016062,MTLVER-06,MTLVER-36,16016061,MTLVER-04,MTLVER-39
1601608,Beurling,Stephens,Lim. Hôpital Douglas,16016082,MTLVER-06,MTLVER-36,16016081,MTLVER-04,MTLVER-39
1601604,Beurling,Valiquette,Rolland,16016042,MTLVER-06,MTLVER-36,16016041,MTLVER-04,MTLVER-39
4008060,Brassard,cul-de-sac,Lasalle,40080602,MTLVER-07,MTLVER-33,40080601,MTLVER-18,MTLVER-32
1601524,Brault,Lasalle,Verdun,16015242,MTLVER-ARR,,16015241,MTLVER-NP,
1601514,Brault,Verdun,Bannantyne,16015142,MTLVER-02,MTLVER-35,16015141,MTLVER-01,MTLVER-37
"4001549,4005891,4005892",Brises du fleuve,Galt,Cul-de-sac,"40015492,40058912,40058922",MTLVER-08,MTLVER-32,"40015491,40058911,40058921",MTLVER-23,MTLVER-33
"1601572,1601621",Brown (nord),Bannantyne,Beurling,"16015722,16016212",MTLVER-01,MTLVER-37,"16015721,16016211",MTLVER-02,MTLVER-35
"1601586,1601589",Brown (nord),Beurling,Champlain,"16015862,16015892",MTLVER-01,MTLVER-37,"16015861,16015891",MTLVER-02,MTLVER-35
"1601597,1601598",Brown (sud),Bannantyne,Beurling,"16015972,16015982",MTLVER-02,MTLVER-35,"16015971,16015981",MTLVER-01,MTLVER-37
"1601587,1601590",Brown (sud),Beurling,Champlain,"16015872,16015902",MTLVER-02,MTLVER-35,"16015871,16015901",MTLVER-01,MTLVER-37
1601173,Caisse,Evelyn,Verdun,16011732,MTLVER-09,MTLVER-33,16011731,MTLVER-27,MTLVER-32
1601177,Caisse,Gertrude,Evelyn,16011772,MTLVER-09,MTLVER-33,16011771,MTLVER-27,MTLVER-32
1601180,Caisse,Lasalle,Gertrude,16011802,MTLVER-NP,,16011801,MTLVER-NP,
"4010516,4000985",Caisse,Rushbrooke,LaSalle,"40105162,40009852",MTLVER-ARR,,"40105161,40009851",MTLVER-ARR,
1601172,Caisse,Verdun,Joseph,16011722,MTLVER-09,MTLVER-33,16011721,MTLVER-27,MTLVER-32
"4000983,4010515",Caisse (autobus),Rushbrooke,LaSalle,"40009832,40105152",MTLVER-BUS,,"40009831,40105151",MTLVER-BUS,
1601577,Champlain,Argyle,Woodland,16015772,MTLVER-NP,,16015771,MTLVER-29,MTLVER-42
1601582,Champlain,Beatty,Moffat,16015822,MTLVER-10,MTLVER-34,16015821,MTLVER-29,MTLVER-42
1601627,Champlain,Brown,Valiquette,16016272,MTLVER-10,MTLVER-34,16016271,MTLVER-29,MTLVER-42
1601622,Champlain,Cinquième,Sixième,16016222,MTLVER-10,MTLVER-34,16016221,MTLVER-29,MTLVER-42
1601992,Champlain,Crawford,Parkdale,16019922,MTLVER-10,MTLVER-34,16019921,MTLVER-NP,
1601618,Champlain,Desmarchais,Melrose,16016182,MTLVER-10,MTLVER-34,16016181,MTLVER-29,MTLVER-42
1601384,Champlain,Deuxième,Troisième,16013842,MTLVER-NP,,16013841,MTLVER-NP,
1601620,Champlain,Egan,Osborne,16016202,MTLVER-NP,,16016201,MTLVER-29,MTLVER-42
"1601373,4000448,4010588",Champlain,Église,Galt,"16013732,40004482,40105882",MTLVER-NP,,"16013731,40004481,40105881",MTLVER-NP,
4010590,Champlain,Entrée Hôpital Douglas,Leclair,40105902,MTLVER-ARR,,40105901,MTLVER-NP,
1601987,Champlain,Fayolle,Lim. Ville de LaSalle,16019872,MTLVER-10,MTLVER-34,16019871,MTLVER-NP,
"4000449,4000531",Champlain,Galt,Gordon,"40004492,40005312",MTLVER-NP,,"40004491,40005311",MTLVER-NP,
1601376,Champlain,Gordon,Rielle,16013762,MTLVER-NP,,16013761,MTLVER-NP,
1601640,Champlain,Leclair,Crawford,16016402,MTLVER-ARR,,16016401,MTLVER-NP,
1601584,Champlain,Manning,Brown,16015842,MTLVER-10,MTLVER-34,16015841,MTLVER-29,MTLVER-42
1601619,Champlain,Melrose,Argyle,16016192,MTLVER-10,MTLVER-34,16016191,MTLVER-29,MTLVER-42
1601583,Champlain,Moffat,Manning,16015832,MTLVER-10,MTLVER-34,16015831,MTLVER-29,MTLVER-42
1601575,Champlain,Osborne,Beatty,16015752,MTLVER-10,MTLVER-34,16015751,MTLVER-29,MTLVER-42
1601988,Champlain,Parkdale,Fayolle,16019882,MTLVER-10,MTLVER-34,16019881,MTLVER-NP,
1601382,Champlain,Première,Deuxième,16013822,MTLVER-NP,,16013821,MTLVER-NP,
"1601625,1601626",Champlain,Quatrième,Cinquième,"16016252,16016262",MTLVER-ARR,,"16016251,16016261",MTLVER-NP,
1601378,Champlain,Rielle,Willibrord,16013782,MTLVER-10,MTLVER-34,16013781,MTLVER-NP,
1601631,Champlain,Rolland,Stephens,16016312,MTLVER-10,MTLVER-34,16016311,MTLVER-NP,
1601617,Champlain,Sixième,Desmarchais,16016172,MTLVER-10,MTLVER-34,16016171,MTLVER-29,MTLVER-42
4010590,Champlain,Stephens,Entrée Hôpital Douglas,40105902,MTLVER-ARR,,40105901,MTLVER-NP,
1601385,Champlain,Troisième,Quatrième,16013852,MTLVER-10,MTLVER-34,16013851,MTLVER-NP,
1601630,Champlain,Valiquette,Rolland,16016302,MTLVER-10,MTLVER-34,16016301,MTLVER-29,MTLVER-42
1601380,Champlain,Willibrord,Première,16013802,MTLVER-NP,,16013801,MTLVER-NP,
1601578,Champlain,Woodland,Egan,16015782,MTLVER-NP,,16015781,MTLVER-29,MTLVER-42
1601671,Churchill,Clémenceau,Foch,16016712,MTLVER-10,MTLVER-37,16016711,MTLVER-13,MTLVER-35
1601674,Churchill,Crawford,LLoyd-George,16016742,MTLVER-10,MTLVER-37,16016741,MTLVER-13,MTLVER-35
1601664,Churchill,Fayolle,Limite LaSalle,16016642,MTLVER-10,MTLVER-37,16016641,MTLVER-13,MTLVER-35
1601667,Churchill,Foch,Fayolle,16016672,MTLVER-10,MTLVER-37,16016671,MTLVER-13,MTLVER-35
1601676,Churchill,Leclair,Crawford,16016762,MTLVER-10,MTLVER-37,16016761,MTLVER-13,MTLVER-35
1601677,Churchill,Lim. Hôpital Douglas,Leclair,16016772,MTLVER-10,MTLVER-37,16016771,MTLVER-13,MTLVER-35
1601673,Churchill,LLoyd-George,Clémenceau,16016732,MTLVER-10,MTLVER-37,16016731,MTLVER-13,MTLVER-35
1601623,Cinquième,Bannantyne,Champlain,16016232,MTLVER-11,MTLVER-33,16016231,MTLVER-16,MTLVER-32
1601468,Cinquième,LaSalle,Wellington,16014682,MTLVER-11,MTLVER-33,16014681,MTLVER-16,MTLVER-32
1601412,Cinquième,Verdun,Bannantyne,16014122,MTLVER-11,MTLVER-33,16014121,MTLVER-16,MTLVER-32
1601427,Cinquième,Wellington,Verdun,16014272,MTLVER-11,MTLVER-33,16014271,MTLVER-16,MTLVER-32
4010482,Cinquième (Pont),Champlain,Limite Montréal,40104822,MTLVER-ARR,,40104821,MTLVER-ARR,
1601331,Claude,Dupuis,Hickson,16013312,MTLVER-12,MTLVER-37,16013311,MTLVER-14,MTLVER-35
1601342,Claude,Église,Galt,16013422,MTLVER-12,MTLVER-37,16013421,MTLVER-14,MTLVER-35
1601336,Claude,Hickson,Église,16013362,MTLVER-12,MTLVER-37,16013361,MTLVER-14,MTLVER-35
1601658,Clémenceau,Churchill,Ouimet,16016582,MTLVER-13,MTLVER-35,16016581,MTLVER-10,MTLVER-37
1601672,Clémenceau,Lasalle,Churchill,16016722,MTLVER-13,MTLVER-35,16016721,MTLVER-10,MTLVER-37
1601353,Cool,Hickson,Église,16013532,MTLVER-14,MTLVER-35,16013531,MTLVER-12,MTLVER-37
1601656,Crawford,Churchill,Ouimet,16016562,MTLVER-12,MTLVER-38,16016561,MTLVER-15,MTLVER-44
1601675,Crawford,David,Churchill,16016752,MTLVER-12,MTLVER-38,16016751,MTLVER-15,MTLVER-44
1601641,Crawford,Dunver,Champlain,16016412,MTLVER-12,MTLVER-38,16016411,MTLVER-15,MTLVER-44
1601694,Crawford,Lasalle,David,16016942,MTLVER-12,MTLVER-38,16016941,MTLVER-15,MTLVER-44
1601646,Crawford,Ouimet,Penniston,16016462,MTLVER-12,MTLVER-38,16016461,MTLVER-15,MTLVER-44
1601644,Crawford,Penniston,Truman,16016442,MTLVER-12,MTLVER-38,16016441,MTLVER-15,MTLVER-44
1601643,Crawford,Truman,Dunver,16016432,MTLVER-12,MTLVER-38,16016431,MTLVER-15,MTLVER-44
1601680,David,Leclair,Crawford,16016802,MTLVER-15,MTLVER-35,16016801,MTLVER-17,MTLVER-37
1601679,David,Limite Hôpital Douglas,Leclair,16016792,MTLVER-15,MTLVER-35,16016791,MTLVER-17,MTLVER-37
1601615,Desmarchais,Bannantyne,Champlain,16016152,MTLVER-11,MTLVER-39,16016151,MTLVER-16,MTLVER-36
,Desmarchais,Piste piétonne,Lasalle,,MTLVER-NP,,,MTLVER-NP,
1601471,Desmarchais (nord),Lasalle,Wellington,16014712,MTLVER-16,MTLVER-36,16014711,MTLVER-11,MTLVER-39
"1601436,1601440",Desmarchais (nord),Verdun,Bannantyne,"16014362,16014402",MTLVER-16,MTLVER-36,"16014361,16014401",MTLVER-11,MTLVER-39
"1601445,1601443",Desmarchais (nord),Wellington,Verdun,"16014452,16014432",MTLVER-16,MTLVER-36,"16014451,16014431",MTLVER-11,MTLVER-39
1601472,Desmarchais (sud),Lasalle,Wellington,16014722,MTLVER-11,MTLVER-39,16014721,MTLVER-16,MTLVER-36
"1601441,1601437",Desmarchais (sud),Verdun,Bannantyne,"16014412,16014372",MTLVER-11,MTLVER-39,"16014411,16014371",MTLVER-16,MTLVER-36
"1601446,1601447",Desmarchais (sud),Wellington,Verdun,"16014462,16014472",MTLVER-11,MTLVER-39,"16014461,16014471",MTLVER-16,MTLVER-36
1601383,Deuxième,Bannantyne,Champlain,16013832,MTLVER-16,MTLVER-37,16013831,MTLVER-11,MTLVER-35
1601462,Deuxième,Lasalle,Wellington,16014622,MTLVER-16,MTLVER-37,16014621,MTLVER-11,MTLVER-35
1601409,Deuxième,Verdun,Bannantyne,16014092,MTLVER-16,MTLVER-37,16014091,MTLVER-11,MTLVER-35
1601424,Deuxième,Wellington,Verdun,16014242,MTLVER-16,MTLVER-37,16014241,MTLVER-11,MTLVER-35
1601653,Dunver,Crawford,Cul-de-sac,16016532,MTLVER-17,MTLVER-37,16016531,MTLVER-15,MTLVER-35
1601366,Dupuis,Bannantyne,Lesage (courbe),16013662,MTLVER-12,MTLVER-34,16013661,MTLVER-NP,
1601328,Dupuis,Claude,Newmarch,16013282,MTLVER-12,MTLVER-34,16013281,MTLVER-NP,
1601327,Dupuis,Joseph,Claude,16013272,MTLVER-12,MTLVER-34,16013271,MTLVER-NP,
1601329,Dupuis,Newmarch,Bannantyne,16013292,MTLVER-NP,,16013291,MTLVER-NP,
1601401,Edna,Lasalle,Église,16014012,MTLVER-18,MTLVER-36,16014011,MTLVER-07,MTLVER-39
1601563,Egan,Bannantyne,Champlain,16015632,MTLVER-04,MTLVER-33,16015631,MTLVER-06,MTLVER-32
1601493,Egan,Verdun,Bannantyne,16014932,MTLVER-04,MTLVER-33,16014931,MTLVER-06,MTLVER-32
1601496,Egan,Wellington,Verdun,16014962,MTLVER-04,MTLVER-33,16014961,MTLVER-06,MTLVER-32
1601357,Église,Bannantyne,Lanouette,16013572,MTLVER-19,MTLVER-40,16013571,MTLVER-30,MTLVER-47
1601341,Église,Claude,Newmarch,16013412,MTLVER-19,MTLVER-40,16013411,MTLVER-30,MTLVER-47
1601359,Église,Cool,Lesage,16013592,MTLVER-19,MTLVER-40,16013591,MTLVER-30,MTLVER-47
1601292,Église,Edna,Ross,16012922,MTLVER-21,MTLVER-41,16012921,MTLVER-21,MTLVER-48
1601320,Église,Ethel,Gertrude,16013202,MTLVER-21,MTLVER-41,16013201,MTLVER-21,MTLVER-48
1601374,Église,Evangéline,Pont de l'Église,16013742,MTLVER-NP,,16013741,MTLVER-NP,
1601322,Église,Evelyn,Verdun,16013222,MTLVER-21,MTLVER-41,16013221,MTLVER-21,MTLVER-48
1601321,Église,Gertrude,Evelyn,16013212,MTLVER-21,MTLVER-41,16013211,MTLVER-21,MTLVER-48
1601340,Église,Joseph,Claude,16013402,MTLVER-19,MTLVER-40,16013401,MTLVER-30,MTLVER-47
1601358,Église,Lanouette,Cool,16013582,MTLVER-19,MTLVER-40,16013581,MTLVER-30,MTLVER-47
1601293,Église,Lasalle,Edna,16012932,MTLVER-21,MTLVER-41,16012931,MTLVER-21,MTLVER-48
1601369,Église,Lesage,Evangéline,16013692,MTLVER-NP,,16013691,MTLVER-NP,
1601356,Église,Newmarch,Bannantyne,16013562,MTLVER-19,MTLVER-40,16013561,MTLVER-30,MTLVER-47
1601291,Église,Ross,Wellington,16012912,MTLVER-21,MTLVER-41,16012911,MTLVER-21,MTLVER-48
1601339,Église,Verdun,Joseph,16013392,MTLVER-19,MTLVER-40,16013391,MTLVER-30,MTLVER-47
1601264,Église,Wellington,Ethel,16012642,MTLVER-21,MTLVER-41,16012641,MTLVER-21,MTLVER-48
"1601308,4010576",Église (nord),Gaétan-Laberge,Lasalle,"16013082,40105762",MTLVER-ARR,,"16013081,40105761",MTLVER-NP,
1601307,Église (sud),Gaétan-Laberge,Lasalle,16013072,MTLVER-NP,,16013071,MTLVER-ARR,
1601263,Ethel,Hickson,Église,16012632,MTLVER-NP,,16012631,MTLVER-18,MTLVER-32
,Ethel,Lasalle,Strathmore,,MTLVER-07,MTLVER-33,,MTLVER-NP,
,Ethel,mi Régina-Hickson,Hickson,,MTLVER-07,MTLVER-33,,MTLVER-18,MTLVER-32
,Ethel,Régina,mi Régina-Hickson,,MTLVER-07,MTLVER-33,,MTLVER-18,MTLVER-32
1601222,Ethel,Strathmore,Régina,16012222,MTLVER-07,MTLVER-33,16012221,MTLVER-18,MTLVER-32
1601368,Evangéline,Hickson,Église,16013682,MTLVER-20,MTLVER-35,16013681,MTLVER-18,MTLVER-37
1601204,Evelyn,Caisse,Strathmore,16012042,MTLVER-07,MTLVER-33,16012041,MTLVER-18,MTLVER-32
1601318,Evelyn,Hickson,Église,16013182,MTLVER-07,MTLVER-33,16013181,MTLVER-18,MTLVER-32
1601176,Evelyn,Lasalle,Caisse,16011762,MTLVER-07,MTLVER-33,16011761,MTLVER-18,MTLVER-32
,Evelyn,mi Régina-Hickson,Hickson,,MTLVER-07,MTLVER-33,,MTLVER-18,MTLVER-32
,Evelyn,Régina,mi Régina-Hickson,,MTLVER-07,MTLVER-33,,MTLVER-18,MTLVER-32
1601218,Evelyn,Strathmore,Régina,16012182,MTLVER-07,MTLVER-33,16012181,MTLVER-18,MTLVER-32
1601662,Fayolle,Churchill,Ouimet,16016622,MTLVER-13,MTLVER-35,16016621,MTLVER-10,MTLVER-37
1601666,Fayolle,Lasalle,Churchill,16016662,MTLVER-13,MTLVER-35,16016661,MTLVER-10,MTLVER-37
1601721,Fayolle,Ouimet,Truman,16017212,MTLVER-13,MTLVER-35,16017211,MTLVER-10,MTLVER-37
1601997,Fayolle,Truman,Champlain,16019972,MTLVER-13,MTLVER-35,16019971,MTLVER-10,MTLVER-37
1601659,Foch,Churchill,Ouimet,16016592,MTLVER-10,MTLVER-37,16016591,MTLVER-13,MTLVER-35
1601669,Foch,Lasalle,Churchill,16016692,MTLVER-10,MTLVER-37,16016691,MTLVER-13,MTLVER-35
"1601692,4005858,4005857",Foch,Ouimet,cul-de-sac,"16016922,40058582,40058572",MTLVER-10,MTLVER-37,"16016921,40058581,40058571",MTLVER-13,MTLVER-35
4007127,Gaétan-Laberge (est),Gilberte-Dubé,Rhéaume,40071272,MTLVER-NP,,40071271,MTLVER-NP,
"4010570,4010571,1601290,4010575",Gaétan-Laberge (est),Hickson,Église,"40105702,40105712,16012902,40105752",MTLVER-22,MTLVER-34,"40105701,40105711,16012901,40105751",MTLVER-NP,
"1601281,4010527",Gaétan-Laberge (est),Rhéaume,Hickson,"16012812,40105272",MTLVER-NP,,"16012811,40105271",MTLVER-NP,
"4007124,4007123",Gaétan-Laberge (ouest),Gilberte-Dubé,Rhéaume,"40071242,40071232",MTLVER-NP,,"40071241,40071231",MTLVER-26,MTLVER-43
"4010573,4010572,1601289,1601400",Gaétan-Laberge (ouest),Hickson,Église,"40105732,40105722,16012892,16014002",MTLVER-NP,,"40105731,40105721,16012891,16014001",MTLVER-26,MTLVER-43
"4007134,1601280",Gaétan-Laberge (ouest),Rhéaume,Hickson,"40071342,16012802",MTLVER-NP,,"40071341,16012801",MTLVER-26,MTLVER-43
4007721,Galt,Bannantyne,Champlain,40077212,MTLVER-23,MTLVER-39,40077211,MTLVER-08,MTLVER-36
"4000995,1601299,4001546",Galt,Brises du fleuve,Lasalle,"40009952,16012992,40015462",MTLVER-NP,,"40009951,16012991,40015461",MTLVER-NP,
"4010480,4000806",Galt,Champlain,Vérendrye (pont Galt),"40104802,40008062",MTLVER-ARR,,"40104801,40008061",MTLVER-ARR,
1601361,Galt,Claude,Bannantyne,16013612,MTLVER-23,MTLVER-39,16013611,MTLVER-08,MTLVER-36
"4001547,4005890,4005889",Galt,cul-de sac,Brises du fleuve,"40015472,40058902,40058892",MTLVER-23,MTLVER-33,"40015471,40058901,40058891",MTLVER-08,MTLVER-32
1601297,Galt,Lasalle,Wellington,16012972,MTLVER-23,MTLVER-39,16012971,MTLVER-08,MTLVER-36
1601343,Galt,Verdun,Claude,16013432,MTLVER-23,MTLVER-39,16013431,MTLVER-08,MTLVER-36
1601324,Galt,Wellington,Verdun,16013242,MTLVER-23,MTLVER-39,16013241,MTLVER-08,MTLVER-36
1601206,Gertrude,Caisse,Strathmore,16012062,MTLVER-18,MTLVER-32,16012061,MTLVER-07,MTLVER-33
1601317,Gertrude,Hickson,Église,16013172,MTLVER-18,MTLVER-32,16013171,MTLVER-07,MTLVER-33
,Gertrude,mi Régina-Hickson,Hickson,,MTLVER-18,MTLVER-32,,MTLVER-07,MTLVER-33
,Gertrude,Régina,mi Régina-Hickson,,MTLVER-18,MTLVER-32,,MTLVER-07,MTLVER-33
1601220,Gertrude,Strathmore,Régina,16012202,MTLVER-18,MTLVER-32,16012201,MTLVER-07,MTLVER-33
4001509,Gibbons,cul-de-sac,Lasalle,40015092,MTLVER-07,MTLVER-33,40015091,MTLVER-18,MTLVER-32
1601243,Gilberte-Dubé,Gaétan-Laberge,Wellington,16012432,MTLVER-NP,MTLVER-32,16012431,MTLVER-11,MTLVER-33
4001784,Gilberte-Dubé,Rushbrooke,Jacques-Lauzon,40017842,MTLVER-16,MTLVER-32,40017841,MTLVER-11,MTLVER-33
1601234,Gilberte-Dubé,Wellington,Rushbrooke,16012342,MTLVER-16,MTLVER-32,16012341,MTLVER-11,MTLVER-33
1601571,Godin,Bannantyne,Monteith,16015712,MTLVER-01,MTLVER-32,16015711,MTLVER-02,MTLVER-33
1601515,Godin,Lasalle,Verdun,16015152,MTLVER-NP,,16015151,MTLVER-NP,
1601599,Godin,Monteith,Beurling,16015992,MTLVER-01,MTLVER-32,16015991,MTLVER-02,MTLVER-33
1601513,Godin,Verdun,Bannantyne,16015132,MTLVER-01,MTLVER-32,16015131,MTLVER-02,MTLVER-33
1601371,Gordon,Bannantyne,Champlain,16013712,MTLVER-24,MTLVER-37,16013711,MTLVER-20,MTLVER-35
1601301,Gordon,Lasalle,Wellington,16013012,MTLVER-24,MTLVER-37,16013011,MTLVER-20,MTLVER-35
"4001007,4001008",Gordon,Verdun,Bannantyne,"40010072,40010082",MTLVER-24,MTLVER-37,"40010071,40010081",MTLVER-20,MTLVER-35
1601325,Gordon,Wellington,Verdun,16013252,MTLVER-24,MTLVER-37,16013251,MTLVER-20,MTLVER-35
1601196,Henri-Duhamel,Poudrière (est),Poudrière (ouest),16011962,MTLVER-16,MTLVER-32,16011961,MTLVER-NP,MTLVER-33
1601174,Henri-Duhamel (nord),Lasalle,Verdun,16011742,MTLVER-ARR,,16011741,MTLVER-NP,MTLVER-33
"4010517,4010518",Henri-Duhamel (nord),Poudrière (ouest),Lasalle,"40105172,40105182",MTLVER-ARR,,"40105171,40105181",MTLVER-ARR,
4010512,Henri-Duhamel (nord),Verdun,Joseph,40105122,MTLVER-ARR,,40105121,MTLVER-NP,MTLVER-33
"4010522,4010523",Henri-Duhamel (sud),Lasalle,Verdun,"40105222,40105232",MTLVER-16,MTLVER-32,"40105221,40105231",MTLVER-ARR,
"4010519,4010520",Henri-Duhamel (sud),Poudrière (ouest),Lasalle,"40105192,40105202",MTLVER-ARR,,"40105191,40105201",MTLVER-ARR,
4010513,Henri-Duhamel (sud),Verdun,Joseph,40105132,MTLVER-16,MTLVER-32,40105131,MTLVER-ARR,
1601270,Hickson,Allen,Lasalle,16012702,MTLVER-NP,,16012701,MTLVER-NP,
1601348,Hickson,Bannantyne,Lanouette,16013482,MTLVER-20,MTLVER-42,16013481,MTLVER-24,MTLVER-34
1601337,Hickson,Claude,Newmarch,16013372,MTLVER-20,MTLVER-39,16013371,MTLVER-24,MTLVER-36
1601350,Hickson,Cool,Lesage,16013502,MTLVER-20,MTLVER-42,16013501,MTLVER-24,MTLVER-34
1601311,Hickson,Ethel,Gertrude,16013112,MTLVER-20,MTLVER-39,16013111,MTLVER-24,MTLVER-36
1601315,Hickson,Evelyn,Verdun,16013152,MTLVER-20,MTLVER-39,16013151,MTLVER-24,MTLVER-36
1601271,Hickson,Gaétan-Laberge,Allen,16012712,MTLVER-NP,,16012711,MTLVER-NP,
1601316,Hickson,Gertrude,Evelyn,16013162,MTLVER-20,MTLVER-39,16013161,MTLVER-24,MTLVER-36
1601335,Hickson,Joseph,Claude,16013352,MTLVER-20,MTLVER-39,16013351,MTLVER-24,MTLVER-36
1601349,Hickson,Lanouette,Cool,16013492,MTLVER-20,MTLVER-42,16013491,MTLVER-24,MTLVER-34
1601268,Hickson,Lasalle,Ross,16012682,MTLVER-NP,,16012681,MTLVER-24,MTLVER-36
1601367,Hickson,Lesage,Evangeline,16013672,MTLVER-20,MTLVER-42,16013671,MTLVER-24,MTLVER-34
1601347,Hickson,Newmarch,Bannantyne,16013472,MTLVER-20,MTLVER-39,16013471,MTLVER-24,MTLVER-36
1601266,Hickson,Ross,Wellington,16012662,MTLVER-20,MTLVER-39,16012661,MTLVER-24,MTLVER-36
1601333,Hickson,Verdun,Joseph,16013332,MTLVER-20,MTLVER-39,16013331,MTLVER-24,MTLVER-36
4007717,Hickson,Wellington,Ethel,40077172,MTLVER-20,MTLVER-39,40077171,MTLVER-24,MTLVER-36
4001786,Jacques-Lauzon,Gilberte-Dubé,May,40017862,MTLVER-16,MTLVER-32,40017861,MTLVER-11,MTLVER-33
1601200,Joseph,Caisse,Strathmore,16012002,MTLVER-12,MTLVER-38,16012001,MTLVER-14,MTLVER-44
1601332,Joseph,Dupuis,Hickson,16013322,MTLVER-12,MTLVER-38,16013321,MTLVER-14,MTLVER-44
1601169,Joseph,Henri-Duhamel,Caisse,16011692,MTLVER-12,MTLVER-38,16011691,MTLVER-14,MTLVER-44
1601334,Joseph,Hickson,Église,16013342,MTLVER-12,MTLVER-38,16013341,MTLVER-14,MTLVER-44
1601215,Joseph,Régina,Dupuis,16012152,MTLVER-12,MTLVER-38,16012151,MTLVER-14,MTLVER-44
1601213,Joseph,Strathmore,Régina,16012132,MTLVER-12,MTLVER-38,16012131,MTLVER-14,MTLVER-44
4010702,Lafleur,Troy,Lasalle,40107022,MTLVER-16,MTLVER-37,40107021,MTLVER-ARR,
1601354,Lanouette,Hickson,Église,16013542,MTLVER-12,MTLVER-37,16013541,MTLVER-14,MTLVER-35
1601566,Lasalle,Allard,Valiquette,16015662,MTLVER-25,MTLVER-43,16015661,MTLVER-05,MTLVER-34
1601275,Lasalle,Allen,Hickson,16012752,MTLVER-ARR,,16012751,MTLVER-22,MTLVER-34
1601479,Lasalle,Argyle,Woodland,16014792,MTLVER-BUS,,16014791,MTLVER-BUS,
4011768,Lasalle,Bannantyne,Entrée Hôpital Douglas,40117682,MTLVER-25,MTLVER-43,40117681,MTLVER-05,MTLVER-34
1601529,Lasalle,Beatty,Moffat,16015292,MTLVER-BUS,,16015291,MTLVER-05,MTLVER-34
4008058,Lasalle,Brassard,Henri-Duhamel,40080582,MTLVER-26,MTLVER-43,40080581,MTLVER-22,MTLVER-34
1601530,Lasalle,Brault,Godin,16015302,MTLVER-25,MTLVER-43,16015301,MTLVER-05,MTLVER-34
4007883,Lasalle,Caisse,Rushbrooke,40078832,MTLVER-26,MTLVER-43,40078831,MTLVER-22,MTLVER-34
1601470,Lasalle,Cinquième,Sixième,16014702,MTLVER-26,MTLVER-43,16014701,MTLVER-22,MTLVER-34
1601670,Lasalle,Clémenceau,Foch,16016702,MTLVER-25,MTLVER-43,16016701,MTLVER-05,MTLVER-34
1601697,Lasalle,Crawford,Lloyd-George,16016972,MTLVER-25,MTLVER-43,16016971,MTLVER-05,MTLVER-34
1601487,Lasalle,Desmarchais,Melrose,16014872,MTLVER-26,MTLVER-43,16014871,MTLVER-22,MTLVER-34
1601464,Lasalle,Deuxième,Troisième,16014642,MTLVER-26,MTLVER-43,16014641,MTLVER-22,MTLVER-34
1601294,Lasalle,Edna,Église,16012942,MTLVER-26,MTLVER-43,16012941,MTLVER-22,MTLVER-34
,Lasalle,Egan,Osborne,,MTLVER-NP,,,MTLVER-NP,
1601298,Lasalle,Église,Galt,16012982,MTLVER-NP,,16012981,MTLVER-22,MTLVER-34
4011767,Lasalle,Entrée Hôpital Douglas,Leclair,40117672,MTLVER-25,MTLVER-43,40117671,MTLVER-05,MTLVER-34
4010701,Lasalle,Evelyn,Caisse,40107012,MTLVER-26,MTLVER-43,40107011,MTLVER-22,MTLVER-34
1601665,Lasalle,Fayolle,Limite LaSalle,16016652,MTLVER-25,MTLVER-43,16016651,MTLVER-05,MTLVER-34
1601668,Lasalle,Foch,Fayolle,16016682,MTLVER-25,MTLVER-43,16016681,MTLVER-05,MTLVER-34
1601300,Lasalle,Galt,Gordon,16013002,MTLVER-26,MTLVER-43,16013001,MTLVER-22,MTLVER-34
4008059,Lasalle,Gibbons,Brassard,40080592,MTLVER-26,MTLVER-43,40080591,MTLVER-22,MTLVER-34
1601542,Lasalle,Godin,Riverview,16015422,MTLVER-BUS,,16015421,MTLVER-NP,
1601305,Lasalle,Gordon,Rielle,16013052,MTLVER-26,MTLVER-43,16013051,MTLVER-22,MTLVER-34
4010524,Lasalle,Henri-Duhamel,Evelyn,40105242,MTLVER-26,MTLVER-43,40105241,MTLVER-NP,
1601269,Lasalle,Hickson,Edna,16012692,MTLVER-26,MTLVER-43,16012691,MTLVER-22,MTLVER-34
1601230,Lasalle,Lafleur,Troy,16012302,MTLVER-26,MTLVER-43,16012301,MTLVER-22,MTLVER-34
1601696,Lasalle,Leclair,Crawford,16016962,MTLVER-25,MTLVER-43,16016961,MTLVER-05,MTLVER-34
1625468,Lasalle,Limite Montréal,Gibbons,16254682,MTLVER-NP,,16254681,MTLVER-NP,
1601698,Lasalle,Lloyd-George,Clémenceau,16016982,MTLVER-25,MTLVER-43,16016981,MTLVER-05,MTLVER-34
1601539,Lasalle,Manning,Richard,16015392,MTLVER-25,MTLVER-43,16015391,MTLVER-05,MTLVER-34
1601476,Lasalle,Melrose,Argyle,16014762,MTLVER-26,MTLVER-43,16014761,MTLVER-22,MTLVER-34
1601528,Lasalle,Moffat,Manning,16015282,MTLVER-25,MTLVER-43,16015281,MTLVER-05,MTLVER-34
1601538,Lasalle,Osborne,Beatty,16015382,MTLVER-NP,,16015381,MTLVER-ARR,
1601463,Lasalle,Première,Deuxième,16014632,MTLVER-26,MTLVER-43,16014631,MTLVER-22,MTLVER-34
1601485,Lasalle,Quatrième,Cinquième,16014852,MTLVER-26,MTLVER-43,16014851,MTLVER-22,MTLVER-34
4011896,Lasalle,Richard,Brault,40118962,MTLVER-25,MTLVER-43,40118961,MTLVER-05,MTLVER-34
1601458,Lasalle,Rielle,Willibrord,16014582,MTLVER-26,MTLVER-43,16014581,MTLVER-22,MTLVER-34
1601544,Lasalle,Riverview,Allard,16015442,MTLVER-25,MTLVER-43,16015441,MTLVER-05,MTLVER-34
1601560,Lasalle,Rolland,Stephens,16015602,MTLVER-25,MTLVER-43,16015601,MTLVER-05,MTLVER-34
4007718,Lasalle,Rushbrooke,Wellington,40077182,MTLVER-26,MTLVER-43,40077181,MTLVER-22,MTLVER-34
1601486,Lasalle,Sixième,Desmarchais,16014862,MTLVER-26,MTLVER-43,16014861,MTLVER-22,MTLVER-34
1601559,Lasalle,Stephens,Bannantyne,16015592,MTLVER-25,MTLVER-43,16015591,MTLVER-BUS,
1601467,Lasalle,Troisième,Quatrième,16014672,MTLVER-26,MTLVER-43,16014671,MTLVER-22,MTLVER-34
1601231,Lasalle,Troy,Allen,16012312,MTLVER-26,MTLVER-43,16012311,MTLVER-22,MTLVER-34
1601561,Lasalle,Valiquette,Rolland,16015612,MTLVER-25,MTLVER-43,16015611,MTLVER-05,MTLVER-34
1601228,Lasalle,Wellington,Lafleur,16012282,MTLVER-26,MTLVER-43,16012281,MTLVER-22,MTLVER-34
1601460,Lasalle,Willibrord,Première,16014602,MTLVER-26,MTLVER-43,16014601,MTLVER-22,MTLVER-34
,Lasalle,Woodland,Egan,,MTLVER-NP,,,MTLVER-NP,
1601655,Leclair,Churchill,Ouimet,16016552,MTLVER-15,MTLVER-44,16016551,MTLVER-17,MTLVER-38
1601678,Leclair,David,Churchill,16016782,MTLVER-15,MTLVER-44,16016781,MTLVER-17,MTLVER-38
1601695,Leclair,Lasalle,David,16016952,MTLVER-15,MTLVER-44,16016951,MTLVER-17,MTLVER-38
1601634,Leclair,Ouimet,Penniston,16016342,MTLVER-15,MTLVER-44,16016341,MTLVER-17,MTLVER-38
1601654,Leclair,Penniston,Champlain,16016542,MTLVER-15,MTLVER-44,16016541,MTLVER-17,MTLVER-38
1601352,Lesage,Dupuis (courbe),Hickson,16013522,MTLVER-12,MTLVER-34,16013521,MTLVER-NP,
1601350,Lesage,Hickson,Église,16013502,MTLVER-12,MTLVER-36,16013501,MTLVER-14,MTLVER-39
1601657,Lloyd-George,Churchill,Ouimet,16016572,MTLVER-10,MTLVER-37,16016571,MTLVER-13,MTLVER-35
1601693,Lloyd-George,Lasalle,Churchill,16016932,MTLVER-10,MTLVER-37,16016931,MTLVER-13,MTLVER-35
1601651,Lloyd-George,Ouimet,cul-de-sac,16016512,MTLVER-10,MTLVER-37,16016511,MTLVER-13,MTLVER-35
1601609,Manning,Bannantyne,Beurling,16016092,MTLVER-02,MTLVER-44,16016091,MTLVER-01,MTLVER-38
1601580,Manning,Beurling,Champlain,16015802,MTLVER-02,MTLVER-44,16015801,MTLVER-01,MTLVER-38
1601522,Manning,Lasalle,Verdun,16015222,MTLVER-02,MTLVER-44,16015221,MTLVER-01,MTLVER-38
1601508,Manning,Verdun,Bannantyne,16015082,MTLVER-02,MTLVER-44,16015081,MTLVER-01,MTLVER-38
1600131,May,Rushbrooke,Jacques-Lauzon,16001312,MTLVER-16,MTLVER-32,16001311,MTLVER-NP,
1600130,May,Wellington,Rushbrooke,16001302,MTLVER-16,MTLVER-32,16001301,MTLVER-NP,
1601614,Melrose,Bannantyne,Champlain,16016142,MTLVER-06,MTLVER-32,16016141,MTLVER-04,MTLVER-33
1601474,Melrose,Lasalle,Wellington,16014742,MTLVER-06,MTLVER-32,16014741,MTLVER-04,MTLVER-33
1601453,Melrose,Verdun,Bannantyne,16014532,MTLVER-06,MTLVER-32,16014531,MTLVER-04,MTLVER-33
1601450,Melrose,Wellington,Verdun,16014502,MTLVER-06,MTLVER-32,16014501,MTLVER-04,MTLVER-33
1601610,Moffat,Bannantyne,Beurling,16016102,MTLVER-01,MTLVER-37,16016101,MTLVER-02,MTLVER-35
1601579,Moffat,Beurling,Champlain,16015792,MTLVER-01,MTLVER-37,16015791,MTLVER-02,MTLVER-35
1601521,Moffat,Lasalle,Verdun,16015212,MTLVER-01,MTLVER-37,16015211,MTLVER-02,MTLVER-35
1601505,Moffat,Verdun,Bannantyne,16015052,MTLVER-01,MTLVER-37,16015051,MTLVER-02,MTLVER-35
1601549,Monteith,Allard,Valiquette,16015492,MTLVER-04,MTLVER-33,16015491,MTLVER-06,MTLVER-32
1601548,Monteith,Godin,Allard,16015482,MTLVER-04,MTLVER-33,16015481,MTLVER-06,MTLVER-32
1601551,Monteith,Rolland,Stephens,16015512,MTLVER-04,MTLVER-33,16015511,MTLVER-06,MTLVER-32
1601550,Monteith,Valiquette,Rolland,16015502,MTLVER-04,MTLVER-33,16015501,MTLVER-06,MTLVER-32
1601330,Newmarch,Dupuis,Hickson,16013302,MTLVER-14,MTLVER-35,16013301,MTLVER-12,MTLVER-37
1601338,Newmarch,Hickson,Église,16013382,MTLVER-14,MTLVER-35,16013381,MTLVER-12,MTLVER-37
1601564,Osborne,Bannantyne,Beurling,16015642,MTLVER-01,MTLVER-32,16015641,MTLVER-02,MTLVER-33
1601574,Osborne,Beurling,Champlain,16015742,MTLVER-01,MTLVER-32,16015741,MTLVER-02,MTLVER-33
1601497,Osborne,Verdun,Bannantyne,16014972,MTLVER-01,MTLVER-32,16014971,MTLVER-02,MTLVER-33
1601501,Osborne,Wellington,Verdun,16015012,MTLVER-01,MTLVER-32,16015011,MTLVER-02,MTLVER-33
1601660,Ouimet,Clémenceau,Foch,16016602,MTLVER-13,MTLVER-35,16016601,MTLVER-10,MTLVER-37
1601648,Ouimet,Crawford,LLoyd-George,16016482,MTLVER-13,MTLVER-35,16016481,MTLVER-10,MTLVER-37
1601663,Ouimet,Fayolle,Limite LaSalle,16016632,MTLVER-BUS,,16016631,MTLVER-10,MTLVER-37
1601661,Ouimet,Foch,Fayolle,16016612,MTLVER-13,MTLVER-35,16016611,MTLVER-10,MTLVER-37
1601647,Ouimet,Leclair,Crawford,16016472,MTLVER-13,MTLVER-35,16016471,MTLVER-10,MTLVER-37
1601635,Ouimet,Limite Hôpital Douglas,Leclair,16016352,MTLVER-13,MTLVER-35,16016351,MTLVER-10,MTLVER-37
1601649,Ouimet,LLoyd-George,Clémenceau,16016492,MTLVER-13,MTLVER-35,16016491,MTLVER-10,MTLVER-37
1601996,Parkdale,Truman,Champlain,16019962,MTLVER-10,MTLVER-37,16019961,MTLVER-13,MTLVER-35
1601645,Penniston,Crawford,parc Reine Elisabeth,16016452,MTLVER-NP,,16016451,MTLVER-NP,
1601642,Penniston,Leclair,Crawford,16016422,MTLVER-17,MTLVER-37,16016421,MTLVER-15,MTLVER-35
,Pont Champlain (bretelle),Wellington ,Limite Montréal,,MTLVER-ARR,,,MTLVER-ARR,
1601195,Poudrière (nord),Henri-Duhamel,Henri-Duhamel,16011952,MTLVER-16,MTLVER-32,16011951,MTLVER-11,MTLVER-33
1601194,Poudrière (sud),Henri-Duhamel,Henri-Duhamel,16011942,MTLVER-16,MTLVER-32,16011941,MTLVER-11,MTLVER-33
1601381,Première,Bannantyne,Champlain,16013812,MTLVER-07,MTLVER-35,16013811,MTLVER-18,MTLVER-37
1601461,Première,Lasalle,Wellington,16014612,MTLVER-07,MTLVER-35,16014611,MTLVER-18,MTLVER-37
1601408,Première,Verdun,Bannantyne,16014082,MTLVER-07,MTLVER-35,16014081,MTLVER-18,MTLVER-37
1601406,Première,Wellington,Verdun,16014062,MTLVER-07,MTLVER-35,16014061,MTLVER-18,MTLVER-37
1601387,Quatrième,Bannantyne,Champlain,16013872,MTLVER-16,MTLVER-32,16013871,MTLVER-11,MTLVER-33
1601466,Quatrième,Lasalle,Wellington,16014662,MTLVER-16,MTLVER-32,16014661,MTLVER-11,MTLVER-33
1601411,Quatrième,Verdun,Bannantyne,16014112,MTLVER-16,MTLVER-32,16014111,MTLVER-11,MTLVER-33
1601426,Quatrième,Wellington,Verdun,16014262,MTLVER-16,MTLVER-32,16014261,MTLVER-11,MTLVER-33
1601221,Régina,Ethel,Gertrude,16012212,MTLVER-09,MTLVER-33,16012211,MTLVER-27,MTLVER-32
1601217,Régina,Evelyn,Verdun,16012172,MTLVER-09,MTLVER-33,16012171,MTLVER-27,MTLVER-32
1601219,Régina,Gertrude,Evelyn,16012192,MTLVER-09,MTLVER-33,16012191,MTLVER-27,MTLVER-32
1601214,Régina,Verdun,Joseph,16012142,MTLVER-09,MTLVER-33,16012141,MTLVER-27,MTLVER-32
4007719,Régina,Wellington,Ethel,40077192,MTLVER-09,MTLVER-33,40077191,MTLVER-27,MTLVER-32
4007122,Rhéaume,Wellington,Gaétan-Laberge,40071222,MTLVER-11,MTLVER-35,40071221,MTLVER-16,MTLVER-37
,Richard,Lasalle,Richard (bretelle),,MTLVER-NP,,,MTLVER-02,MTLVER-35
4011895,Richard,Richard (bretelle),Verdun,40118952,MTLVER-01,MTLVER-37,40118951,MTLVER-02,MTLVER-35
1601510,Richard,Verdun,Bannantyne,16015102,MTLVER-01,MTLVER-37,16015101,MTLVER-02,MTLVER-35
,Richard (bretelle),Lasalle,Richard,,MTLVER-01,MTLVER-37,,MTLVER-NP,
1601377,Rielle,Bannantyne,Champlain,16013772,MTLVER-07,MTLVER-35,16013771,MTLVER-18,MTLVER-37
4007715,Rielle,Lasalle,Wellington,40077152,MTLVER-07,MTLVER-35,40077151,MTLVER-18,MTLVER-37
"4001005,4001006",Rielle,Verdun,Bannantyne,"40010052,40010062",MTLVER-07,MTLVER-35,"40010051,40010061",MTLVER-18,MTLVER-37
1601345,Rielle,Wellington,Verdun,16013452,MTLVER-07,MTLVER-35,16013451,MTLVER-18,MTLVER-37
1601573,Riverview,Bannantyne,Monteith,16015732,MTLVER-02,MTLVER-33,16015731,MTLVER-01,MTLVER-32
1601543,Riverview,Lasalle,Bannantyne,16015432,MTLVER-02,MTLVER-33,16015431,MTLVER-01,MTLVER-32
1601553,Rolland,Bannantyne,Monteith,16015532,MTLVER-06,MTLVER-32,16015531,MTLVER-04,MTLVER-33
1601629,Rolland,Beurling,Champlain,16016292,MTLVER-06,MTLVER-32,16016291,MTLVER-04,MTLVER-33
1601569,Rolland,Lasalle,Bannantyne,16015692,MTLVER-06,MTLVER-32,16015691,MTLVER-04,MTLVER-33
1601605,Rolland,Monteith,Beurling,16016052,MTLVER-06,MTLVER-32,16016051,MTLVER-04,MTLVER-33
1601267,Ross,Hickson,Église,16012672,MTLVER-07,MTLVER-39,16012671,MTLVER-18,MTLVER-36
1601232,Rushbrooke,Caisse,Lasalle,16012322,MTLVER-16,MTLVER-32,16012321,MTLVER-11,MTLVER-33
1601235,Rushbrooke,Gilberte-Dubé,Caisse,16012352,MTLVER-16,MTLVER-32,16012351,MTLVER-11,MTLVER-33
1600129,Rushbrooke,May,Gilberte-Dubé,16001292,MTLVER-16,MTLVER-32,16001291,MTLVER-11,MTLVER-33
1601616,Sixième,Bannantyne,Champlain,16016162,MTLVER-16,MTLVER-32,16016161,MTLVER-11,MTLVER-33
1601469,Sixième,Lasalle,Wellington,16014692,MTLVER-16,MTLVER-32,16014691,MTLVER-11,MTLVER-33
1601413,Sixième,Verdun,Bannantyne,16014132,MTLVER-16,MTLVER-32,16014131,MTLVER-11,MTLVER-33
1601428,Sixième,Wellington,Verdun,16014282,MTLVER-16,MTLVER-32,16014281,MTLVER-11,MTLVER-33
1601552,Stephens,Bannantyne,Monteith,16015522,MTLVER-04,MTLVER-39,16015521,MTLVER-06,MTLVER-36
1601632,Stephens,Beurling,Champlain,16016322,MTLVER-04,MTLVER-39,16016321,MTLVER-06,MTLVER-36
1604510,Stephens,Champlain,Limite Montréal,16045102,MTLVER-ARR,,16045101,MTLVER-ARR,
1601570,Stephens,Lasalle,Bannantyne,16015702,MTLVER-BUS,,16015701,MTLVER-06,MTLVER-36
1601607,Stephens,Monteith,Beurling,16016072,MTLVER-04,MTLVER-39,16016071,MTLVER-06,MTLVER-36
1601207,Strathmore,Ethel,Gertrude,16012072,MTLVER-27,MTLVER-32,16012071,MTLVER-09,MTLVER-33
1601203,Strathmore,Evelyn,Verdun,16012032,MTLVER-27,MTLVER-32,16012031,MTLVER-09,MTLVER-33
1601205,Strathmore,Gertrude,Evelyn,16012052,MTLVER-27,MTLVER-32,16012051,MTLVER-09,MTLVER-33
1601210,Strathmore,Lasalle,Ethel,16012102,MTLVER-BUS,,16012101,MTLVER-09,MTLVER-33
1601201,Strathmore,Verdun,Joseph,16012012,MTLVER-27,MTLVER-32,16012011,MTLVER-09,MTLVER-33
1601386,Troisième,Bannantyne,Champlain,16013862,MTLVER-11,MTLVER-45,16013861,MTLVER-16,MTLVER-49
1601465,Troisième,Lasalle,Wellington,16014652,MTLVER-11,MTLVER-45,16014651,MTLVER-16,MTLVER-49
1601410,Troisième,Verdun,Bannantyne,16014102,MTLVER-11,MTLVER-45,16014101,MTLVER-16,MTLVER-49
1601425,Troisième,Wellington,Verdun,16014252,MTLVER-11,MTLVER-45,16014251,MTLVER-16,MTLVER-49
1601237,Troy,Lasalle,Lafleur,16012372,MTLVER-11,MTLVER-35,16012371,MTLVER-16,MTLVER-37
1601652,Truman,Crawford,Parkdale,16016522,MTLVER-10,MTLVER-37,16016521,MTLVER-13,MTLVER-35
"1601998,1601999",Truman,Parkdale,Fayolle,"16019982,16019992",MTLVER-10,MTLVER-37,"16019981,16019991",MTLVER-ARR,
1601554,Valiquette,Bannantyne,Monteith,16015542,MTLVER-04,MTLVER-33,16015541,MTLVER-06,MTLVER-32
1601628,Valiquette,Beurling,Champlain,16016282,MTLVER-04,MTLVER-33,16016281,MTLVER-06,MTLVER-32
1601567,Valiquette,Lasalle,Bannantyne,16015672,MTLVER-04,MTLVER-33,16015671,MTLVER-06,MTLVER-32
1601603,Valiquette,Monteith,Beurling,16016032,MTLVER-04,MTLVER-33,16016031,MTLVER-06,MTLVER-32
1601490,Verdun,Argyle,Woodland,16014902,MTLVER-05,MTLVER-34,16014901,MTLVER-31,MTLVER-43
1601520,Verdun,Beatty,Moffat,16015202,MTLVER-05,MTLVER-34,16015201,MTLVER-31,MTLVER-43
1601516,Verdun,Brault,Godin,16015162,MTLVER-05,MTLVER-34,16015161,MTLVER-31,MTLVER-43
1601202,Verdun,Caisse,Strathmore,16012022,MTLVER-05,MTLVER-34,16012021,MTLVER-31,MTLVER-43
1601422,Verdun,Cinquième,Sixième,16014222,MTLVER-05,MTLVER-34,16014221,MTLVER-31,MTLVER-43
1601451,Verdun,Desmarchais,Melrose,16014512,MTLVER-05,MTLVER-34,16014511,MTLVER-31,MTLVER-43
1601419,Verdun,Deuxième,Troisième,16014192,MTLVER-05,MTLVER-34,16014191,MTLVER-31,MTLVER-43
1601495,Verdun,Egan,Osborne,16014952,MTLVER-05,MTLVER-34,16014951,MTLVER-31,MTLVER-43
1601323,Verdun,Église,Galt,16013232,MTLVER-05,MTLVER-34,16013231,MTLVER-31,MTLVER-43
1601326,Verdun,Galt,Gordon,16013262,MTLVER-05,MTLVER-34,16013261,MTLVER-31,MTLVER-43
1601541,Verdun,Godin,Cul-de-sac,16015412,MTLVER-BUS,,16015411,MTLVER-31,MTLVER-43
1601344,Verdun,Gordon,Rielle,16013442,MTLVER-05,MTLVER-34,16013441,MTLVER-31,MTLVER-43
1601171,Verdun,Henri-Duhamel,Caisse,16011712,MTLVER-05,MTLVER-34,16011711,MTLVER-31,MTLVER-43
1601319,Verdun,Hickson,Église,16013192,MTLVER-05,MTLVER-34,16013191,MTLVER-31,MTLVER-43
1601518,Verdun,Manning,Richard,16015182,MTLVER-05,MTLVER-34,16015181,MTLVER-31,MTLVER-43
1601456,Verdun,Melrose,Argyle,16014562,MTLVER-05,MTLVER-34,16014561,MTLVER-31,MTLVER-43
,Verdun,mi Régina-Hickson,Hickson,,MTLVER-05,MTLVER-34,,MTLVER-31,MTLVER-43
1601519,Verdun,Moffat,Manning,16015192,MTLVER-05,MTLVER-34,16015191,MTLVER-31,MTLVER-43
1601500,Verdun,Osborne,Beatty,16015002,MTLVER-05,MTLVER-34,16015001,MTLVER-31,MTLVER-43
1601418,Verdun,Première,Deuxième,16014182,MTLVER-05,MTLVER-34,16014181,MTLVER-31,MTLVER-43
1601421,Verdun,Quatrième,Cinquième,16014212,MTLVER-05,MTLVER-34,16014211,MTLVER-31,MTLVER-43
,Verdun,Régina,mi Régina-Hickson,,MTLVER-05,MTLVER-34,,MTLVER-31,MTLVER-43
1601517,Verdun,Richard,Brault,16015172,MTLVER-05,MTLVER-34,16015171,MTLVER-31,MTLVER-43
1601403,Verdun,Rielle,Willibrord,16014032,MTLVER-05,MTLVER-34,16014031,MTLVER-31,MTLVER-43
1601423,Verdun,Sixième,Desmarchais,16014232,MTLVER-05,MTLVER-34,16014231,MTLVER-31,MTLVER-43
1601216,Verdun,Strathmore,Régina,16012162,MTLVER-05,MTLVER-34,16012161,MTLVER-31,MTLVER-43
1601420,Verdun,Troisième,Quatrième,16014202,MTLVER-05,MTLVER-34,16014201,MTLVER-31,MTLVER-43
1601407,Verdun,Willibrord,Première,16014072,MTLVER-05,MTLVER-34,16014071,MTLVER-31,MTLVER-43
1601494,Verdun,Woodland,Egan,16014942,MTLVER-05,MTLVER-34,16014941,MTLVER-31,MTLVER-43
1601478,Wellington,Argyle,Woodland,16014782,MTLVER-BUS,,16014781,MTLVER-21,MTLVER-50
1601433,Wellington,Cinquième,Sixième,16014332,MTLVER-21,MTLVER-46,16014331,MTLVER-21,MTLVER-50
1601449,Wellington,Desmarchais,Melrose,16014492,MTLVER-21,MTLVER-46,16014491,MTLVER-21,MTLVER-50
1601430,Wellington,Deuxième,Troisième,16014302,MTLVER-21,MTLVER-46,16014301,MTLVER-21,MTLVER-50
"1601531,1601537",Wellington,Egan,Osborne,"16015312,16015372",MTLVER-ARR,,"16015311,16015371",MTLVER-21,MTLVER-50
1601296,Wellington,Église,Galt,16012962,MTLVER-21,MTLVER-46,16012961,MTLVER-21,MTLVER-50
1601302,Wellington,Galt,Gordon,16013022,MTLVER-21,MTLVER-46,16013021,MTLVER-21,MTLVER-50
4011766,Wellington,Gilberte-Dubé,Rhéaume,40117662,MTLVER-11,,40117661,MTLVER-16,MTLVER-34
1601303,Wellington,Gordon,Rielle,16013032,MTLVER-21,MTLVER-46,16013031,MTLVER-21,MTLVER-50
1601265,Wellington,Hickson,Église,16012652,MTLVER-21,MTLVER-46,16012651,MTLVER-21,MTLVER-50
"1601226,4000991",Wellington,Lasalle,Régina,"16012262,40009912",MTLVER-BUS,,"16012261,40009911",MTLVER-21,MTLVER-50
4006109,Wellington,May,Gilberte-Dubé,40061092,MTLVER-NP,,40061091,MTLVER-16,MTLVER-34
1601475,Wellington,Melrose,Argyle,16014752,MTLVER-21,MTLVER-46,16014751,MTLVER-21,MTLVER-50
,Wellington,Osborne,Beatty,,MTLVER-ARR,,,MTLVER-21,MTLVER-50
,Wellington,Osborne,îlots,,MTLVER-ARR,,,MTLVER-ARR,
,Wellington,Osborne,îlots,,MTLVER-ARR,,,MTLVER-ARR,
1601429,Wellington,Première,Deuxième,16014292,MTLVER-21,MTLVER-46,16014291,MTLVER-21,MTLVER-50
1601432,Wellington,Quatrième,Cinquième,16014322,MTLVER-21,MTLVER-46,16014321,MTLVER-21,MTLVER-50
1601260,Wellington,Régina,Hickson,16012602,MTLVER-21,MTLVER-46,16012601,MTLVER-21,MTLVER-50
"1601246,1601250",Wellington,Rhéaume,LaSalle,"16012462,16012502",MTLVER-21,MTLVER-46,"16012461,16012501",MTLVER-21,MTLVER-50
1601306,Wellington,Rielle,Willibrord,16013062,MTLVER-21,MTLVER-46,16013061,MTLVER-21,MTLVER-50
1601434,Wellington,Sixième,Desmarchais,16014342,MTLVER-21,MTLVER-46,16014341,MTLVER-21,MTLVER-50
1601431,Wellington,Troisième,Quatrième,16014312,MTLVER-21,MTLVER-46,16014311,MTLVER-21,MTLVER-50
1601405,Wellington,Willibrord,Première,16014052,MTLVER-21,MTLVER-46,16014051,MTLVER-21,MTLVER-50
1601482,Wellington,Woodland,Egan,16014822,MTLVER-NP,,16014821,MTLVER-21,MTLVER-50
1601379,Willibrord,Bannantyne,Champlain,16013792,MTLVER-18,MTLVER-37,16013791,MTLVER-07,MTLVER-35
4007716,Willibrord,Lasalle,Wellington,40077162,MTLVER-18,MTLVER-37,40077161,MTLVER-07,MTLVER-35
1601402,Willibrord,Verdun,Bannantyne,16014022,MTLVER-NP,MTLVER-37,16014021,MTLVER-07,MTLVER-35
1601404,Willibrord,Wellington,Verdun,16014042,MTLVER-18,MTLVER-37,16014041,MTLVER-07,MTLVER-35
1601612,Woodland,Bannantyne,Champlain,16016122,MTLVER-22,MTLVER-36,16016121,MTLVER-26,MTLVER-39
4010484,Woodland,Champlain,Limite Montréal,40104842,MTLVER-ARR,,40104841,MTLVER-ARR,
1601480,Woodland,Lasalle,Wellington,16014802,MTLVER-TAXI,,16014801,MTLVER-NP,
1601489,Woodland,Verdun,Bannantyne,16014892,MTLVER-22,MTLVER-36,16014891,MTLVER-26,MTLVER-39
1601481,Woodland,Wellington,Verdun,16014812,MTLVER-22,MTLVER-36,16014811,MTLVER-26,MTLVER-39
"1609724,4005300,4005299",Abélard (parc),Ile-des-Sœurs,Cul-de-sac (sud),"16097242,40053002,40052992",MTLVER-NP,,"16097241,40053001,40052991",MTLVER-NP,
"1609743,4005305,4005306",Abélard (rive),Ile-des-Sœurs,Cul-de-sac (nord),"16097432,40053052,40053062",MTLVER-51,MTLVER-37,"16097431,40053051,40053061",MTLVER-NP,
4008117,André-Prévost,André-Prévost,Serge-Garant (ouest),40081172,MTLVER-51,MTLVER-32,40081171,MTLVER-52,MTLVER-33
4007395,André-Prévost,Serge-Garant,Pointe-sud,40073952,MTLVER-51,MTLVER-32,40073951,MTLVER-52,MTLVER-33
4007393,André-Prévost,Serge-Garant (est),Serge-Garant,40073932,MTLVER-51,MTLVER-32,40073931,MTLVER-52,MTLVER-33
4008133,André-Prévost,Serge-Garant (ouest),Serge-Garant (est),40081332,MTLVER-51,MTLVER-32,40081331,MTLVER-52,MTLVER-33
"1609718,4005292,4005291",Berlioz (parc),Berlioz,Cul-de-sac (est) 3,"16097182,40052922,40052912",MTLVER-NP,,"16097181,40052921,40052911",MTLVER-51,MTLVER-32
"1609730,4005297,4005298",Berlioz (parc),Berlioz,Cul-de-sac (nord) 1,"16097302,40052972,40052982",MTLVER-51,MTLVER-32,"16097301,40052971,40052981",MTLVER-NP,
"1609719,4005294,4005293",Berlioz (parc),Berlioz,Cul-de-sac (sud) 2,"16097192,40052942,40052932",MTLVER-52,MTLVER-33,"16097191,40052941,40052931",MTLVER-NP,MTLVER-32
1609723,Berlioz (parc),Ile-des-Soeurs,Berlioz,16097232,MTLVER-52,MTLVER-33,16097231,MTLVER-NP,MTLVER-32
4000208,Berlioz (rive),Fleuve (cours),Gabrielle-Roy,40002082,MTLVER-52,MTLVER-33,40002081,MTLVER-51,MTLVER-32
1609747,Berlioz (rive),Fontaine,Landreville,16097472,MTLVER-52,MTLVER-33,16097471,MTLVER-51,MTLVER-32
4000209,Berlioz (rive),Gabrielle-Roy,Terry-Fox (nord),40002092,MTLVER-52,MTLVER-33,40002091,MTLVER-51,MTLVER-32
1609734,Berlioz (rive),Landreville,Wilson,16097342,MTLVER-52,MTLVER-33,16097341,MTLVER-51,MTLVER-32
4000615,Berlioz (rive),René-Lévesque,Fleuve (cours),40006152,MTLVER-52,MTLVER-33,40006151,MTLVER-51,MTLVER-32
1609756,Berlioz (rive),Soleil,Fontaine,16097562,MTLVER-52,MTLVER-33,16097561,MTLVER-51,MTLVER-32
1609768,Berlioz (rive),Terry-Fox (nord),Terry-Fox (sud),16097682,MTLVER-52,MTLVER-33,16097681,MTLVER-51,MTLVER-32
1609749,Berlioz (rive),Terry-Fox (sud),Soleil,16097492,MTLVER-52,MTLVER-33,16097491,MTLVER-51,MTLVER-32
1609737,Berlioz (rive),Wilson,Ile-des-Soeurs,16097372,MTLVER-52,MTLVER-33,16097371,MTLVER-51,MTLVER-32
4000200,Bruyères,Fleuve (cours),Cul-de-sac,40002002,MTLVER-NP,,40002001,MTLVER-52,MTLVER-33
"4005801,4005802",Bruyères (îlot),Fleuve (cours),Cul-de-sac,"40058012,40058022",MTLVER-51,MTLVER-32,"40058011,40058021",MTLVER-NP,
4001517,Camélias,Golf,Savoyanne,40015172,MTLVER-52,MTLVER-35,40015171,MTLVER-51,MTLVER-37
"4001516,4001515",Camélias,Savoyanne,Vigne,"40015162,40015152",MTLVER-52,MTLVER-35,"40015161,40015151",MTLVER-51,MTLVER-37
"4001512,4001514",Camélias,Vigne,Grande-Allée,"40015122,40015142",MTLVER-52,MTLVER-35,"40015121,40015141",MTLVER-51,MTLVER-37
4001518,Camélias (ilot),Savoyanne,Grande-Allée,40015182,MTLVER-NP,,40015181,MTLVER-51,MTLVER-37
4007397,Claude-Vivier,Pointe-sud,André-Prévost,40073972,MTLVER-51,MTLVER-32,40073971,MTLVER-52,MTLVER-33
"1609825,1614524,4012139",Club-Marin,Marguerite-Bourgeoys,Forêt,"16098252,16145242,40121392",MTLVER-53,,"16098251,16145241,40121391",MTLVER-55,
"1609888,1609887",Club-Marin (ilôt),Club-Marin,Club-Marin,"16098882,16098872",MTLVER-NP,,"16098881,16098871",MTLVER-53,
4001525,Colibris (rue privée),Passereaux,Cul-de-sac,40015252,MTLVER-PRIV,,40015251,MTLVER-PRIV,
"1609776,4010622,4010624,4010626,4010623,4010625,4010627",Commerce,Levert,Stationnement (sud),"16097762,40106222,40106242,40106262",MTLVER-NP,,"16097761,40106231,40106251,40106271",MTLVER-NP,
1609769,Commerce,René-Lévesque,Levert,16097692,MTLVER-NP,,16097691,MTLVER-NP,
"1609761,1609762",Commerce,Stationnement (nord-2),Ile-des-Soeurs,"16097612,16097622",MTLVER-NP,,"16097611,16097621",MTLVER-NP,
"4006884,4010633",Commerce,Stationnement (sud),Stationnement (nord-2),"40068842,40106332",MTLVER-NP,,"40068841,40106331",MTLVER-NP,
"1609787,4006883",Commerce,Stationnement (sud),Stationnement (sud),"16097872,40068832",MTLVER-NP,,"16097871,40068831",MTLVER-NP,
"4010630,4010631",Commerce (stat. nord-1) (Croix rouge),Commerce,Commerce,"40106302,40106312",MTLVER-05,MTLVER-36,"40106301,40106311",MTLVER-25,MTLVER-39
1609781,Commerce (stat. nord-2) (Garderie),Commerce,Cul-de-sac,16097812,MTLVER-54,,16097811,MTLVER-NP,
1609780,Commerce (stat. sud) (Provigo),Commerce,Commerce,16097802,MTLVER-NP,,16097801,MTLVER-NP,
"1609717,4005295,4005296",Corot (parc),Ile-des-Soeurs,Cul-de-sac,"16097172,40052952,40052962",MTLVER-NP,,"16097171,40052951,40052961",MTLVER-51,MTLVER-37
1609744,Corot (rive),Wilson,Ile-des-Soeurs,16097442,MTLVER-52,MTLVER-35,16097441,MTLVER-51,MTLVER-37
1609735,Corot (rive),Wilson,Wilson,16097352,MTLVER-52,MTLVER-35,16097351,MTLVER-51,MTLVER-37
"1609687,4005289,4005290",Darwin (parc),Ile-des-Soeurs,Cul-de-sac,"16096872,40052892,40052902",MTLVER-NP,,"16096871,40052891,40052901",MTLVER-NP,
1609714,Darwin (rive),Ile-des-Soeurs,Cul-de-sac,16097142,MTLVER-NP,,16097141,MTLVER-NP,
"1609695,4005273,4005274",De Gaspé (parc),De Gaspé,Cul-de-sac (est) 1,"16096952,40052732,40052742",MTLVER-51,MTLVER-32,"16096951,40052731,40052741",MTLVER-NP,
"1609671,4005871,4005872",De Gaspé (parc),De Gaspé,Cul-de-sac (nord) 3,"16096712,40058712,40058722",MTLVER-52,MTLVER-33,"16096711,40058711,40058721",MTLVER-51,MTLVER-32
"1609674,4005269,4005270",De Gaspé (parc),De Gaspé,Cul-de-sac (ouest) 4,"16096742,40052692,40052702",MTLVER-52,MTLVER-33,"16096741,40052691,40052701",MTLVER-51,MTLVER-32
"1609675,4005271,4005272",De Gaspé (parc),De Gaspé,Cul-de-sac (sud) 2,"16096752,40052712,40052722",MTLVER-52,MTLVER-33,"16096751,40052711,40052721",MTLVER-51,MTLVER-32
1609672,De Gaspé (parc),De Gaspé,Grand-Duc,16096722,MTLVER-52,MTLVER-33,16096721,MTLVER-51,MTLVER-32
1609673,De Gaspé (parc),Grand-Duc,De Gaspé,16096732,MTLVER-52,MTLVER-33,16096731,MTLVER-51,MTLVER-32
1609676,De Gaspé (parc),Ile-des-Soeurs,De Gaspé,16096762,MTLVER-52,MTLVER-33,16096761,MTLVER-51,MTLVER-32
"1609816,1609878,4002935",De la Noue,De la Noue,Cul-de-sac (nord) 1,"16098162,16098782,40029352",MTLVER-52,MTLVER-35,"16098161,16098781,40029351",MTLVER-51,MTLVER-37
"1609815,4002934",De la Noue,De la Noue,Cul-de-sac (ouest) 2,"16098152,40029342",MTLVER-NP,,"16098151,40029341",MTLVER-NP,
4001419,De la Noue,Dupret,Dupret,40014192,MTLVER-52,MTLVER-35,40014191,MTLVER-51,MTLVER-37
4001719,De la Noue,Dupret,Mélilot,40017192,MTLVER-52,MTLVER-35,40017191,MTLVER-51,MTLVER-37
4001418,De la Noue,Grande-Allée,Dupret,40014182,MTLVER-52,MTLVER-35,40014181,MTLVER-51,MTLVER-37
1609880,De la Noue,Marie-Le Ber,De la Noue,16098802,MTLVER-52,MTLVER-35,16098801,MTLVER-51,MTLVER-37
4001718,De la Noue,Mélilot,Marie-Le Ber,40017182,MTLVER-52,MTLVER-35,40017181,MTLVER-51,MTLVER-37
4011016,de la Rotonde,Jacques-LeBer,Pointe-nord,40110162,MTLVER-25,MTLVER-39,40110161,MTLVER-05,MTLVER-36
4012145,de la Rotonde,Pointe-nord,Nouvelle rue,40121452,MTLVER-25,MTLVER-39,40121451,MTLVER-05,MTLVER-36
4012144,Nouvelle rue,de la Rotonde,Jacques-LeBer,40121442,MTLVER-25,MTLVER-39,40121441,MTLVER-05,MTLVER-36
"4001417,1609802",Dupret,De la Noue,De la Noue,"40014172,16098022",MTLVER-51,MTLVER-37,"40014171,16098021",MTLVER-52,MTLVER-35
"4000451,4002921",Dupret (ilôt),Dupret,Dupret,"40004512,40029212",MTLVER-ARR,,"40004511,40029211",MTLVER-NP,
"1609686,4005283,4005284",Elgar (parc),Elgar,Cul-de-sac (est) 1,"16096862,40052832,40052842",MTLVER-51,MTLVER-32,"16096861,40052831,40052841",MTLVER-NP,
"1609685,4005286,4005285",Elgar (parc),Elgar,Cul-de-sac (nord) 2,"16096852,40052862,40052852",MTLVER-ARR,,"16096851,40052861,40052851",MTLVER-ARR,
1609684,Elgar (parc),Elgar,Cul-de-sac (ouest) 3,16096842,MTLVER-52,MTLVER-33,16096841,MTLVER-51,MTLVER-32
1609683,Elgar (parc),Ile-des-Soeurs,Elgar,16096832,MTLVER-52,MTLVER-33,16096831,MTLVER-51,MTLVER-32
"1609681,4005282,4005281",Elgar (rive),Ile-des-Sœurs,Cul-de-sac (sud),"16096812,40052822,40052812",MTLVER-NP,,"16096811,40052821,40052811",MTLVER-NP,
"4000227,4001411,4001412,4005878,4005877",Fauvettes,Passereaux,Cul-de-sac,"40002272,40014112,40014122,40058782,40058772",MTLVER-52,MTLVER-35,"40002271,40014111,40014121,40058781,40058771",MTLVER-51,MTLVER-37
4001409,Fauvettes (bretelle),Passereaux,Fauvettes,40014092,MTLVER-52,MTLVER-35,40014091,MTLVER-NP,
1609755,Ferland,O'reilly,Cul-de-sac,16097552,MTLVER-51,MTLVER-37,16097551,MTLVER-52,MTLVER-35
4001425,Fleuve,Bruyères,Berlioz,40014252,MTLVER-51,MTLVER-32,40014251,MTLVER-52,MTLVER-33
4004691,Fleuve,Fougères,Primevères,40046912,MTLVER-51,MTLVER-32,40046911,MTLVER-52,MTLVER-33
4000206,Fleuve,Primevères,Bruyères,40002062,MTLVER-51,MTLVER-32,40002061,MTLVER-52,MTLVER-33
,Fleuve,René-Levesque,Fougères,,MTLVER-NP,,,MTLVER-ARR,
1609746,Fontaine,Berlioz,Cul-de-sac,16097462,MTLVER-51,MTLVER-32,16097461,MTLVER-52,MTLVER-33
4001531,Forêt,Club-Marin,Jardins comm.,40015312,MTLVER-ARR,,40015311,MTLVER-ARR,
4000221,Forêt,Huards,Club-Marin,40002212,MTLVER-52,MTLVER-44,40002211,MTLVER-51,MTLVER-38
4000222,Forêt,Huards,Huards,40002222,MTLVER-52,MTLVER-44,40002221,MTLVER-51,MTLVER-38
4000218,Forêt,Mésanges,Tourterelles,40002182,MTLVER-52,MTLVER-44,40002181,MTLVER-51,MTLVER-38
4000220,Forêt,Tourterelles,Huards,40002202,MTLVER-52,MTLVER-44,40002201,MTLVER-51,MTLVER-38
4000219,Forêt,Tourterelles,Tourterelles,40002192,MTLVER-52,MTLVER-44,40002191,MTLVER-51,MTLVER-38
4000214,Forêt (est),Marguerite-Bourgeoys,Mésanges,40002142,MTLVER-NP,,40002141,MTLVER-NP,
4000215,Forêt (ouest),Marguerite-Bourgeoys,Mésanges,40002152,MTLVER-NP,,40002151,MTLVER-NP,
4004408,Fougères (rue privée),Fleuve,Cul-de-sac,40044082,MTLVER-PRIV,,40044081,MTLVER-PRIV,
1609680,François (parc),Ile-des-Soeurs,Cul-de-sac (nord),16096802,MTLVER-51,MTLVER-37,16096801,MTLVER-NP,
1609700,François (rive),Ile-des-Sœurs,Cul-de-sac (sud),16097002,MTLVER-51,MTLVER-37,16097001,MTLVER-NP,
4001420,Gabrielle-Roy (rue privée),Berlioz,Cul-de-sac,40014202,MTLVER-PRIV,,40014201,MTLVER-PRIV,
"1609864,1609867,1609871,4004952,1609868,1609872",Golf,Ile-des-Soeurs,Vigne,"40049522,16098682,16098722",MTLVER-51,MTLVER-36,"16098641,16098671,16098711",MTLVER-52,MTLVER-39
"4010703,4010704,4010705,4010706",Golf,Marie-Le Ber,William-Paul,"40107032,40107052,40107062",MTLVER-NP,,"40107031,40107041,40107051",MTLVER-NP,
"1609824,4006498,4006497",Golf,Roland-Jeanneau,Marguerite-Bourgeoys,"16098242,40064982",MTLVER-NP,,"16098241,40064971",MTLVER-56,MTLVER-39
"1609871,4004951",Golf,Vigne,Marie-Le Ber,40049512,MTLVER-51,MTLVER-36,,MTLVER-NP,
1609823,Golf,William-Paul,Roland-Jeanneau,16098232,MTLVER-NP,,16098231,MTLVER-NP,
1609820,Golf,William-Paul,William-Paul,16098202,MTLVER-NP,,16098201,MTLVER-NP,
1609694,Grand-Duc,De Gaspé,Grand-Duc,16096942,MTLVER-52,MTLVER-33,16096941,MTLVER-NP,
"4005275,4005276",Grand-Duc (îlot),Grand-Duc (îlot),Grand-Duc (îlot),"40052752,40052762",MTLVER-55,,"40052751,40052761",MTLVER-53,
4000211,Grande Allée,De la Noue,Marie-Le Ber,40002112,MTLVER-51,MTLVER-37,40002111,MTLVER-52,MTLVER-35
4001439,Grande Allée (nord),Ile-des-Soeurs,De la Noue,40014392,MTLVER-NP,,40014391,MTLVER-52,MTLVER-35
1609750,Grande Allée (sud),Ile-des-Soeurs,De la Noue,16097502,MTLVER-51,MTLVER-37,16097501,MTLVER-NP,
1609678,Hall,Ile-des-Soeurs,Cul-de-sac,16096782,MTLVER-NP,,16096781,MTLVER-NP,
4000223,Huards,Forêt,Forêt,40002232,MTLVER-51,MTLVER-37,40002231,MTLVER-52,MTLVER-35
1609742,Ile-des-Sœurs (bretelle),Marguerite-Bourgeoys,Ile-des-Sœurs (est),16097422,MTLVER-ARR,,16097421,MTLVER-ARR,
1609752,Ile-des-Sœurs (est),Abélard,Berlioz,16097522,MTLVER-NP,,16097521,MTLVER-NP,
1609727,Ile-des-Sœurs (est),Berlioz,Corot,16097272,MTLVER-NP,,16097271,MTLVER-NP,
1609738,Ile-des-Sœurs (est),Corot,Darwin,16097382,MTLVER-NP,,16097381,MTLVER-NP,
1609704,Ile-des-Sœurs (est),Darwin,Elgar,16097042,MTLVER-NP,,16097041,MTLVER-NP,
1609697,Ile-des-Sœurs (est),De Gaspé,Hall,16096972,MTLVER-NP,,16096971,MTLVER-51,MTLVER-38
1609716,Ile-des-Sœurs (est),Elgar,François,16097162,MTLVER-NP,,16097161,MTLVER-NP,
1609702,Ile-des-Sœurs (est),François,De Gaspé,16097022,MTLVER-NP,,16097021,MTLVER-NP,
4006268,Ile-des-Sœurs (est),Grande-Allée,Marguerite-Bourgeoys,40062682,MTLVER-ARR,,40062681,MTLVER-ARR,
4004693,Ile-des-Sœurs (est),Hall,Pointe-sud,40046932,MTLVER-NP,,40046931,MTLVER-NP,
4011591,Ile-des-Sœurs (est),Limite de la ville,Place du commerce,40115912,MTLVER-ARR,,40115911,MTLVER-ARR,
1609739,Ile-des-Sœurs (est),Marguerite-Bourgeoys,Abélard,16097392,MTLVER-ARR,,16097391,MTLVER-ARR,
4006267,Ile-des-Sœurs (est),Place du commerce,René-Lévesque,40062672,MTLVER-ARR,,40062671,MTLVER-ARR,
4006268,Ile-des-Sœurs (est),René-Lévesque,Grande-Allée,40062682,MTLVER-ARR,,40062681,MTLVER-ARR,
1609726,Ile-des-Sœurs (ouest),Abélard,Berlioz,16097262,MTLVER-NP,,16097261,MTLVER-ARR,
1609728,Ile-des-Sœurs (ouest),Berlioz,Corot,16097282,MTLVER-NP,,16097281,MTLVER-NP,
1609713,Ile-des-Sœurs (ouest),Corot,Darwin,16097132,MTLVER-NP,,16097131,MTLVER-NP,
1609705,Ile-des-Sœurs (ouest),Darwin,Elgar,16097052,MTLVER-NP,,16097051,MTLVER-NP,
1609698,Ile-des-Sœurs (ouest),De Gaspé,Hall,16096982,MTLVER-NP,,16096981,MTLVER-52,MTLVER-44
1609715,Ile-des-Sœurs (ouest),Elgar,François,16097152,MTLVER-NP,,16097151,MTLVER-NP,
1609703,Ile-des-Sœurs (ouest),François,De Gaspé,16097032,MTLVER-NP,,16097031,MTLVER-NP,
1609796,Ile-des-Sœurs (ouest),Grande-Allée,Marguerite-Bourgeoys,16097962,MTLVER-ARR,,16097961,MTLVER-ARR,
4004692,Ile-des-Sœurs (ouest),Hall,Pointe-sud,40046922,MTLVER-NP,,40046921,MTLVER-NP,
1609859,Ile-des-Sœurs (ouest),Limite de la ville,Place du commerce,16098592,MTLVER-ARR,,16098591,MTLVER-ARR,
1609741,Ile-des-Sœurs (ouest),Marguerite-Bourgeoys,Abélard,16097412,MTLVER-ARR,,16097411,MTLVER-ARR,
4006266,Ile-des-Sœurs (ouest),Place du commerce,René-Lévesque,40062662,MTLVER-ARR,,40062661,MTLVER-ARR,
4006274,Ile-des-Sœurs (ouest),René-Lévesque,Grande-Allée,40062742,MTLVER-ARR,,40062741,MTLVER-ARR,
4001495,Jacques-Le Ber,Pointe-nord,Cul-de-sac,40014952,MTLVER-25,MTLVER-39,40014951,MTLVER-05,MTLVER-36
"4012142,4012143",Jacques-Le Ber,René-Lévesque,Pointe-nord,"40121422,40121432",MTLVER-NP,,"40121421,40121431",MTLVER-05,MTLVER-36
1609720,Landreville,Berlioz,Cul-de-sac,16097202,MTLVER-51,MTLVER-32,16097201,MTLVER-52,MTLVER-33
1609790,Levert,René-Lévesque,Commerce,16097902,MTLVER-52,MTLVER-33,16097901,MTLVER-51,MTLVER-32
,Marguerite-Bourgeoys,Club-Marin,Golf,,MTLVER-ARR,,,MTLVER-ARR,
1609883,Marguerite-Bourgeoys,Marie-Le Ber,Club-Marin,16098832,MTLVER-ARR,,16098831,MTLVER-ARR,
"4001413,4001414,4001415",Marguerite-Bourgeoys,Passereaux,Marie-Le Ber,"40014132,40014152",MTLVER-52,MTLVER-39,"40014141,40014131",MTLVER-ARR,
4001416,Marguerite-Bourgeoys (nord),Ile-des-Soeurs,Passereaux,40014162,MTLVER-ARR,,40014161,MTLVER-ARR,
4000229,Marguerite-Bourgeoys (sud),Ile-des-Soeurs,Passereaux,40002292,MTLVER-ARR,,40002291,MTLVER-ARR,
1609804,Marie-Le Ber,Cul-de-sac,Métairie,16098042,MTLVER-52,MTLVER-35,16098041,MTLVER-51,MTLVER-37
1609808,Marie-Le Ber,Métairie,De la Noue,16098082,MTLVER-NP,,16098081,MTLVER-NP,
1609806,Marie-Le Ber,Métairie,Métairie,16098062,MTLVER-52,MTLVER-35,16098061,MTLVER-51,MTLVER-37
1609799,Marie-Le Ber (est),De la Noue,Marguerite-Bourgeoys,16097992,MTLVER-NP,,16097991,MTLVER-NP,
1609800,Marie-Le Ber (ouest),De la Noue,Marguerite-Bourgeoys,16098002,MTLVER-NP,,16098001,MTLVER-NP,
4001720,Mélilot (rue privée),De la Noue,Cul-de-sac,40017202,MTLVER-PRIV,,40017201,MTLVER-PRIV,
4000217,Mésanges,Forêt,Cul-de-sac,40002172,MTLVER-51,MTLVER-37,40002171,MTLVER-52,MTLVER-35
1609801,Métairie,Marie-Le Ber,Marie-Le Ber,16098012,MTLVER-51,MTLVER-37,16098011,MTLVER-52,MTLVER-35
1609814,Nautoniers,Marie-Le Ber,Cul-de-sac,16098142,MTLVER-ARR,,16098141,MTLVER-NP,
4004414,Orée-du-bois,Pointe-sud,Orée-du-bois Est,40044142,MTLVER-51,MTLVER-32,40044141,MTLVER-52,MTLVER-33
4004415,Orée-du-bois Est,Orée-du-bois,Cul-de-sac,40044152,MTLVER-52,MTLVER-33,40044151,MTLVER-51,MTLVER-32
"4004416,4008140",Orée-du-bois Ouest,Orée-du-bois,Cul-de-sac,"40044162,40081402",MTLVER-51,MTLVER-32,"40044161,40081401",MTLVER-52,MTLVER-33
1609757,O'Reilly,Berlioz,Ferland,16097572,MTLVER-51,MTLVER-37,16097571,MTLVER-52,MTLVER-35
1609745,O'Reilly,Ferland,Cul-de-sac,16097452,MTLVER-51,MTLVER-37,16097451,MTLVER-52,MTLVER-35
4006100,Parulines,Pointe-sud,Pointe-sud,40061002,MTLVER-51,MTLVER-32,40061001,MTLVER-52,MTLVER-33
4001526,Passereaux,Colibris,Roselins,40015262,MTLVER-51,MTLVER-37,40015261,MTLVER-52,MTLVER-35
4000226,Passereaux,Fauvettes,Forêt,40002262,MTLVER-51,MTLVER-37,40002261,MTLVER-52,MTLVER-35
4001408,Passereaux,Fauvettes (bretelle),Fauvettes,40014082,MTLVER-51,MTLVER-37,40014081,MTLVER-52,MTLVER-35
4001528,Passereaux,Marguerite-Bourgeoys,Colibris,40015282,MTLVER-51,MTLVER-37,40015281,MTLVER-52,MTLVER-35
,Passereaux,Roselins,Fauvettes (bretelle),,MTLVER-51,MTLVER-37,,MTLVER-52,MTLVER-35
,Passereaux (ilot),Roselins,Fauvettes,,MTLVER-NP,,,MTLVER-52,MTLVER-35
,Passereaux (ilot),Roselins,Fauvettes,,MTLVER-NP,,,MTLVER-52,MTLVER-35
4008219,Pointe-nord,Carrefour A. G. Bell,Jacques-LeBer,40082192,MTLVER-ARR,,40082191,MTLVER-ARR,
4011015,Pointe-nord,Jacques-LeBer,de la Rotonde,40110152,MTLVER-05,MTLVER-36,40110151,MTLVER-25,MTLVER-39
4007392,Pointe-sud,Claude-Vivier,André-Prévost,40073922,MTLVER-51,MTLVER-32,40073921,MTLVER-52,MTLVER-33
4004409,Pointe-sud,Île-des-Sœurs,Sommets,40044092,MTLVER-51,MTLVER-32,40044091,MTLVER-52,MTLVER-33
4004566,Pointe-sud,Orée-du-bois,Sommets,40045662,MTLVER-51,MTLVER-32,40045661,MTLVER-52,MTLVER-33
"4008126,4008124",Pointe-sud,Parulines,Claude-Vivier,"40081262,40081242",MTLVER-51,MTLVER-32,"40081261,40081241",MTLVER-52,MTLVER-33
4007390,Pointe-sud,Parulines,Parulines,40073902,MTLVER-51,MTLVER-32,40073901,MTLVER-52,MTLVER-33
4004413,Pointe-sud,Sommets,Orée-du-bois,40044132,MTLVER-51,MTLVER-32,40044131,MTLVER-52,MTLVER-33
4004411,Pointe-sud,Sommets,Parulines,40044112,MTLVER-51,MTLVER-32,40044111,MTLVER-52,MTLVER-33
4000204,Primeveres,Fleuve,Cul-de-sac,40002042,MTLVER-51,MTLVER-32,40002041,MTLVER-52,MTLVER-33
,Primeveres (îlot),Fleuve,Cul-de-sac,,MTLVER-51,MTLVER-32,,MTLVER-NP,
4001544,Prunelle,Vigne,Cul-de-sac,40015442,MTLVER-51,MTLVER-37,40015441,MTLVER-52,MTLVER-35
,René-Lévesque (nord / bretelle),René-Lévesque,Ile-des-Soeurs,,MTLVER-ARR,,,MTLVER-ARR,
"4010634,4010635,4010636",René-Lévesque (nord),Commerce,Ile-des-Soeurs,,,,"40106341,40106351,40106361",MTLVER-ARR,
4000616,René-Lévesque (nord),Fleuve,Commerce,40006162,MTLVER-ARR,,40006161,MTLVER-25,MTLVER-43
4008412,René-Lévesque (nord),Jacques-Le Ber,pont Champlain,40084122,MTLVER-ARR,,40084121,MTLVER-ARR,
4000202,René-Lévesque (nord),Levert,Fleuve (cours),40002022,MTLVER-ARR,,40002021,MTLVER-25,MTLVER-43
4000210,René-Lévesque (nord),pont Champlain,Levert,40002102,MTLVER-ARR,,40002101,MTLVER-25,MTLVER-43
,René-Lévesque (sud / bretelle),René-Lévesque,Ile-des-Soeurs,,MTLVER-ARR,,,MTLVER-ARR,
4001816,René-Lévesque (sud),Fleuve,Commerce,40018162,MTLVER-ARR,,40018161,MTLVER-ARR,
4001494,René-Lévesque (sud),Jacques-Le Ber,pont Champlain,40014942,MTLVER-ARR,,40014941,MTLVER-ARR,
4001817,René-Lévesque (sud),Levert,Fleuve (cours),40018172,MTLVER-ARR,,40018171,MTLVER-ARR,
4001818,René-Lévesque (sud),pont Champlain,Levert,40018182,MTLVER-ARR,,40018181,MTLVER-ARR,
,Roland-Jeanneau,Roland-Jeanneau,Cul-de-sac (est),,MTLVER-NP,,,MTLVER-NP,
,Roland-Jeanneau,Roland-Jeanneau,Cul-de-sac (ouest),,MTLVER-NP,,,MTLVER-NP,
1609822,Roland-Jeanneau,Roland-Jeanneau,Golf,16098222,MTLVER-52,MTLVER-33,16098221,MTLVER-51,MTLVER-32
1609874,Roland-Jeanneau,William-Paul,Roland-Jeanneau,16098742,MTLVER-52,MTLVER-33,16098741,MTLVER-51,MTLVER-32
4001529,Roselins,Passereaux,Cul-de-sac,40015292,MTLVER-52,MTLVER-35,40015291,MTLVER-51,MTLVER-37
4001542,Sagittaire,Vigne,Cul-de-sac,40015422,MTLVER-51,MTLVER-37,40015421,MTLVER-52,MTLVER-35
4001513,Savoyanne,Marie-Le Ber,Marie-Le Ber,40015132,MTLVER-52,MTLVER-35,40015131,MTLVER-51,MTLVER-37
"4007398,4008132",Serge-Garant,André-Prévost,Serge-Garant,"40073982,40081322",MTLVER-51,MTLVER-32,"40073981,40081321",MTLVER-52,MTLVER-33
4000224,Sittelles,Forêt,Forêt,40002242,MTLVER-51,MTLVER-37,40002241,MTLVER-52,MTLVER-35
1609748,Soleil,Berlioz,Soleil,16097482,MTLVER-51,MTLVER-32,16097481,MTLVER-52,MTLVER-33
"4005307,4005308",Soleil,Soleil,Soleil,"40053072,40053082",MTLVER-51,MTLVER-32,"40053071,40053081",MTLVER-52,MTLVER-33
4004567,Sommets,Pointe-sud,Pointe-sud,40045672,MTLVER-52,MTLVER-33,40045671,MTLVER-51,MTLVER-32
1609773,Terry-Fox,Berlioz,Berlioz,16097732,MTLVER-51,MTLVER-32,16097731,MTLVER-52,MTLVER-33
4000225,Tourterelles,Forêt,Forêt,40002252,MTLVER-51,MTLVER-37,40002251,MTLVER-52,MTLVER-35
4004950,Vigne,Golf,Prunelle,40049502,MTLVER-51,MTLVER-37,40049501,MTLVER-52,MTLVER-35
4001520,Vigne,Prunelle,Vigne,40015202,MTLVER-51,MTLVER-37,40015201,MTLVER-52,MTLVER-35
4001522,Vigne,Sagittaire,Cul-de-sac,40015222,MTLVER-51,MTLVER-37,40015221,MTLVER-52,MTLVER-35
4001519,Vigne,Vigne,Marie-Le Ber,40015192,MTLVER-51,MTLVER-37,40015191,MTLVER-52,MTLVER-35
4001521,Vigne,Vigne,Sagittaire,40015212,MTLVER-51,MTLVER-37,40015211,MTLVER-52,MTLVER-35
1609821,William-Paul,Golf,Roland-Jeanneau,16098212,MTLVER-51,MTLVER-32,16098211,MTLVER-52,MTLVER-33
1609873,William-Paul,Roland-Jeanneau,Golf,16098732,MTLVER-51,MTLVER-32,16098731,MTLVER-52,MTLVER-33
1609736,Wilson,Berlioz,Corot,16097362,MTLVER-51,MTLVER-37,16097361,MTLVER-52,MTLVER-35
1609721,Wilson,Corot,Corot,16097212,MTLVER-51,MTLVER-37,16097211,MTLVER-52,MTLVER-35
